phi,p,T_r,T_ad_real,T_ad_ideal,T_ad_m1,T_ad_m2,q0_p_real,q0_p_ideal,q0_p_m1,q0_p_m2,cp_p_real,cp_p_ideal,Dq0_p_Jkg,q0_p_dis_Jkg,Error_rel_pct
0.2,101325.0,298.0,2151.872677585003,2194.527982197654,2160.4436609558657,2194.0047158615725,2.329391933974265,2.388404680152327,2.3889117962147366,2.3875431496250448,1282.299092698809,1285.7454602180842,59012.74617806207,59013.04187807348,-0.0005010782086154
0.2666666666666666,101325.0,298.0,2452.3430857578605,2629.5011054709485,2581.327041138622,2628.863387339993,2.8712010775889345,3.134652873269946,3.135330104671145,3.133533822840181,1362.854362667798,1377.2573746479832,263451.79568101163,263453.06813205406,-0.0004829919792883
0.3333333333333333,101325.0,298.0,2631.493519273879,3005.8054621410984,2942.305696954232,3005.06868705614,3.266293400822301,3.857881305370791,3.858728706018074,3.856517977312056,1433.309144099553,1464.4957791863185,591587.9045484895,591590.7016609139,-0.000472814336278
0.4,101325.0,298.0,2746.917207885609,3335.82442800733,3255.958216160692,3334.999779820819,3.577977825081312,4.559138944614662,4.560156328107249,4.557543740059078,1497.5787953446231,1548.0571935979558,981161.11953335,981165.6998237092,-0.0004668234674111
0.4666666666666667,101325.0,298.0,2827.5135092278306,3628.572435656781,3531.602718058828,3627.668582623802,3.841019262152839,5.239411979988238,5.240598948035961,5.237596523296155,1557.6814331372575,1628.237848419191,1398392.717835399,1398399.1926982198,-0.0004630217776537
0.5333333333333333,101325.0,298.0,2886.955273366784,3890.617236192954,3776.269802944029,3889.641515814581,4.072361510404792,5.899628448402573,5.900984416348133,5.897603645986475,1614.6195226856762,1705.2218060118714,1827266.9379977805,1827275.3525793056,-0.0004605009454498
0.6,101325.0,298.0,2932.314015487176,4126.777596272184,3995.3405579553305,4125.736792668638,4.280878075238984,6.540662457267792,6.54218667825709,6.538438552645876,1668.9489098013714,1779.153936156193,2259784.3820288074,2259794.7501438707,-0.0004588099265462
0.6000000000000001,101325.0,298.0,2932.314015487176,4126.777596272184,3995.3405579553296,4125.736792668638,4.280878075238995,6.540662457267792,6.54218667825709,6.538438552645878,1668.9489098013732,1779.153936156193,2259784.3820287967,2259794.7501438595,-0.0004588099265256
0.6666666666666667,101325.0,298.0,2967.5835786974367,4340.6383292240325,4192.989298048372,4339.53911969093,4.471597518312777,7.1633380381393,7.165029632274188,7.1609246697608,1721.0117509547238,1850.1687448021733,2691740.5198265235,2691752.8399878694,-0.0004577024142978
0.7333333333333334,101325.0,298.0,2995.1739973269323,4534.9232884757885,4372.497062049668,4533.772474543576,4.647534636664797,7.768432644558138,7.770290662067508,7.765838935623527,1771.0357596580832,1918.401233158048,3120898.0078933416,3120912.271449948,-0.0004570337309986
0.8,101325.0,298.0,3016.6044883761733,4711.762714903594,4536.47597266778,4710.567369033916,4.8105465899287285,8.356680201661822,8.358703873386089,8.353915035401917,1819.1804939005883,1983.990006144314,3546133.611733094,3546149.8074419824,-0.000456714570342
0.8666666666666667,101325.0,298.0,3032.852554878817,4872.882332131731,4687.031307963818,4871.650416160257,4.961762946597619,8.928772783786181,8.930963064389141,8.925846369766886,1865.5606860096043,2047.0768675087515,3967009.837188562,3967027.954065856,-0.0004566884892455
0.9333333333333332,101325.0,298.0,3044.541742821872,5019.727296773341,4825.879738448831,5018.476134903028,5.101813114357094,9.48534577001462,9.487724454649827,9.48228878233268,1910.2586253645725,2107.8046953759663,4383532.655657525,4383552.685000587,-0.0004569224101987
1.0,101325.0,298.0,3052.0475421354668,5140.694555333963,4954.436497423768,5152.315487246167,5.230949566802638,9.997825677738875,10.0296091954023,10.023863068465769,1953.330849707856,2166.074564482506,4766876.110936239,4766898.101664959,-0.0004613236888963
1.0666666666666669,101325.0,298.0,3055.559045549763,4989.967663978224,4790.777660117318,4990.664751371982,5.3491139005476205,9.890398062413087,9.897380326144136,9.891709955286691,1994.8116627084128,2216.9361444221795,4541284.161865467,4541309.230576773,-0.0005520181167361
1.1333333333333333,101325.0,298.0,3055.115784508612,4839.53490043995,4640.367587629411,4839.295319557912,5.455970742333997,9.76381770298926,9.768592659895512,9.762996073595744,2034.7148422802704,2265.081858873178,4307846.960655263,4307875.124131703,-0.0006537715173577
1.2,101325.0,298.0,3050.631119183959,4698.452808455322,4501.5752259988185,4697.837363099394,5.550925463187089,9.63928762297594,9.643113588314437,9.63758889102441,2073.0344576385105,2310.8708135712527,4088362.1597888498,4088393.4045865694,-0.0007642375234501
1.2666666666666666,101325.0,298.0,3041.9103518223774,4566.494974269217,4373.037059744956,4565.69862809422,5.6331395646596825,9.517502138385534,9.520817230146433,9.515362598437646,2109.7456667839774,2354.4794453057307,3884362.573725852,3884396.895278541,-0.000883582622292
1.3333333333333333,101325.0,298.0,3028.671067574457,4443.079102112859,4253.603414855699,4442.192821188828,5.701559408670953,9.39857220809411,9.401584009993757,9.39619768894441,2144.8065703276147,2396.058956019941,3697012.7994231577,3697050.204302077,-0.0010117595190721
1.4,101325.0,298.0,3010.57352194243,4327.544664451749,4142.296956147939,4326.616260036542,5.7549774203902055,9.28247942476618,9.285300268344592,9.279980568150274,2178.1625057876263,2435.741351049585,3527502.004375974,3527542.511344136,-0.0011483187851149
1.4666666666666666,101325.0,298.0,2987.268005415959,4219.233837230632,4038.2804987704376,4218.289932120733,5.79214489597276,9.16916263418148,9.1718579001889,9.166603192980318,2209.754229633801,2473.6429972698224,3377017.7382087214,3377061.378342569,-0.0012922684223338
1.5333333333333332,101325.0,298.0,2958.4607886562903,4117.52447181296,3940.831873333308,4116.580310587765,5.811943327697282,9.058544488987298,9.061154019805556,9.05596273665834,2239.530613635324,2509.8674633367687,3246601.161290016,3246647.9767993977,-0.0014419852348941
1.6,101325.0,298.0,2923.9881588470216,4021.8432938392352,3849.324132697384,4020.907684958696,5.813589523524457,8.950541789045236,8.953090649536046,8.947961277658816,2267.464178168406,2544.507813656187,3136952.2655207785,3137002.3069667453,-0.0015952249741518
1.6666666666666663,101325.0,298.0,2883.8732431191715,3931.669522214513,3763.2098224729375,3930.7474957703575,5.796807671064498,8.845070095837158,8.847574430565759,8.842505510653933,2293.5645699308825,2577.648434350036,3048262.4247726607,3048315.746846079,-0.0017492612507651
1.7333333333333332,101325.0,298.0,2838.3364790526703,3846.5337208918304,3682.008364906728,3845.62804647498,5.761885206502431,8.742045953925242,8.74451635391855,8.739506477662234,2317.883610901715,2609.36647073238,2980160.747422811,2980217.404102519,-0.001901128311855
1.8,101325.0,298.0,2787.749769191113,3766.014401499728,3605.295848100264,3765.12647811311,5.709575193046537,8.641387994151176,8.643831510035318,8.638879317770696,2340.508643847603,2639.7329547673344,2931812.8011046383,2931872.8413959173,-0.0020478896625482
1.0,101325.0,300.0,3052.224735485518,5141.663813022469,4955.946535623592,5153.299865996218,5.228469734784584,9.997543379916449,10.0296091954023,10.023863068465769,1953.609267536159,2166.253358492713,4769073.645131865,4768802.92169581,0.0056766461623237
1.0,101325.0,350.0,3056.704994196956,5166.230513860002,4993.924285275751,5178.253056054425,5.166059657967732,9.990453068220628,10.0296091954023,10.023863068465769,1960.4981338668288,2170.6763843015287,4824393.410252896,4817142.1388808815,0.150304313006566
1.0,101325.0,400.0,3061.301943880632,5191.555772129778,5032.32552554524,5203.983177010595,5.1028639572046455,9.983584287138877,10.0296091954023,10.023863068465769,1967.253556382996,2175.017658487682,4880720.329934231,4867094.705382673,0.2791724096131839
1.0,101325.0,450.0,3066.0364344332934,5217.764174370237,5071.131555732706,5230.617316597408,5.038889292957975,9.977265690420676,10.0296091954023,10.023863068465769,1973.880182577369,2179.286351822265,4938376.397462701,4918918.59532846,0.3940121320893882
1.0,101325.0,500.0,3070.9198966102454,5244.930257521013,5110.323571818899,5258.231789199361,4.974132032940185,9.971719743609626,10.0296091954023,10.023863068465769,1980.3810091696755,2183.48842204277,4997587.710669441,4972775.418147806,0.4964853837114825
1.0,101325.0,550.0,3075.955935252012,5273.086244951786,5149.882691195175,5286.859935326535,4.90858099653213,9.96707796909708,10.0296091954023,10.023863068465769,1986.757802535655,2187.6274668420297,5058496.972564952,5028744.6962028425,0.588164360351942
1.0,101325.0,600.0,3081.141883866292,5302.229750950461,5189.78997794135,5316.499892635226,4.842219928854391,9.963396172840367,10.0296091954023,10.023863068465769,1993.0114647086216,2191.7054646920988,5121176.243985978,5086838.226780705,0.6705103587402883
1.0,101325.0,650.0,3086.470318507935,5332.331435832735,5230.026468616271,5347.122326722414,4.7750298277669625,9.960669649278314,10.0296091954023,10.023863068465769,1999.142349540841,2195.7234114290327,5185639.821511352,5147014.459694668,0.7448523836240221
1.0,101325.0,700.0,3091.9305245422,5363.342605100418,5270.573198516991,5378.678120425604,4.706991095191197,9.958848357699104,10.0296091954023,10.023863068465769,2005.150532856728,2199.681861034841,5251857.262507907,5209192.962199585,0.8123659531437675
1.0,101325.0,750.0,3097.509911835893,5395.202737833089,5311.41122835253,5411.10598610945,4.6380856069869285,9.957852062208678,10.0296091954023,10.023863068465769,2011.0360401436765,2203.5813793037114,5319766.45522175,5273268.911642535,0.8740523474216496
1.0,100000.0,300.0,3050.582312338101,5141.663813022469,4955.946535623592,5153.299865996218,5.225022826904129,9.997543379916449,10.0296091954023,10.023863068465769,1953.435646825388,2166.253358492713,4772520.55301232,4772249.622564291,0.0056768838398859
1.0,750000.0,300.0,3314.235814040547,5141.663813022469,4955.946535623592,5153.299865996218,5.783436862919417,9.997543379916449,10.0296091954023,10.023863068465769,1981.316702608232,2166.253358492713,4214106.516997032,4213868.940940283,0.0056376376769404
1.0,770000.0,300.0,3317.8347251898435,5141.663813022469,4955.946535623592,5153.299865996218,5.791131218075776,9.997543379916449,10.0296091954023,10.023863068465769,1981.697010844504,2166.253358492713,4206412.161840673,4206175.042823309,0.0056370847230473
1.0,780000.0,300.0,3319.6006393010407,5141.663813022469,4955.946535623592,5153.299865996218,5.794907405866388,9.997543379916449,10.0296091954023,10.023863068465769,1981.8836140648152,2166.253358492713,4202635.974050061,4202399.079310301,0.0056368132101575
1.0,1345833.3333333333,300.0,3395.050523572844,5141.663813022469,4955.946535623592,5153.299865996218,5.956693776985111,9.997543379916449,10.0296091954023,10.023863068465769,1989.851755519423,2166.253358492713,4040849.6029313374,4040622.301419638,0.0056250920978443
1.0,2591666.6666666665,300.0,3487.612980977315,5141.663813022469,4955.946535623592,5153.299865996218,6.156382926063887,9.997543379916449,10.0296091954023,10.023863068465769,1999.6114793129195,2166.253358492713,3841160.453852562,3840944.950675524,0.0056103664407523
1.0,3837500.0,300.0,3543.952766014123,5141.663813022469,4955.946535623592,5153.299865996218,6.278592926118206,9.997543379916449,10.0296091954023,10.023863068465769,2005.5412262781397,2166.253358492713,3718950.453798243,3718742.1480939942,0.0056011960050554
1.0,5083333.333333333,300.0,3584.668649832341,5141.663813022469,4955.946535623592,5153.299865996218,6.367231798839624,9.997543379916449,10.0296091954023,10.023863068465769,2009.8207002020035,2166.253358492713,3630311.5810768246,3630108.484730725,0.0055944604633399
1.0,6329166.666666666,300.0,3616.601320827608,5141.663813022469,4955.946535623592,5153.299865996218,6.436939762170537,9.997543379916449,10.0296091954023,10.023863068465769,2013.173254367745,2166.253358492713,3560603.617745912,3560404.611725346,0.005589109093011
1.0,7575000.0,300.0,3642.8881727387375,5141.663813022469,4955.946535623592,5153.299865996218,6.494449959544267,9.997543379916449,10.0296091954023,10.023863068465769,2015.9304361877928,2166.253358492713,3503093.420372182,3502897.784680575,0.0055846552783659
1.0,8820833.333333332,300.0,3665.234398955039,5141.663813022469,4955.946535623592,5153.299865996218,6.543429795297104,9.997543379916449,10.0296091954023,10.023863068465769,2018.272341626636,2166.253358492713,3454113.5846193447,3453920.8163257623,0.0055808325018823
1.0,10066666.666666666,300.0,3684.671548340376,5141.663813022469,4955.946535623592,5153.299865996218,6.58610181090712,9.997543379916449,10.0296091954023,10.023863068465769,2020.3078628738497,2166.253358492713,3411441.5690093283,3411251.2965892907,0.005577478499589
1.0,11312500.0,300.0,3701.871805409349,5141.663813022469,4955.946535623592,5153.299865996218,6.623916481538776,9.997543379916449,10.0296091954023,10.023863068465769,2022.1079233566688,2166.253358492713,3373626.8983776723,3373438.835986482,0.0055744869499576
1.0,12558333.333333332,300.0,3717.297870113389,5141.663813022469,4955.946535623592,5153.299865996218,6.657873583893736,9.997543379916449,10.0296091954023,10.023863068465769,2023.7213221105376,2166.253358492713,3339669.7960227123,3339483.71682503,0.0055717843094561
1.0,13804166.666666666,300.0,3731.281969672993,5141.663813022469,4955.946535623592,5153.299865996218,6.688691834495666,9.997543379916449,10.0296091954023,10.023863068465769,2025.1830834467585,2166.253358492713,3308851.545420783,3308667.2649712814,0.0055693175403029
1.0,15050000.0,300.0,3744.070783478296,5141.663813022469,4955.946535623592,5153.299865996218,6.716905458299194,9.997543379916449,10.0296091954023,10.023863068465769,2026.5192031112083,2166.253358492713,3280637.921617255,3280455.2869588016,0.0055670471053839
1.0,16295833.333333332,300.0,3755.8525386937818,5141.663813022469,4955.946535623592,5153.299865996218,6.74292249252777,9.997543379916449,10.0296091954023,10.023863068465769,2027.7495097855049,2166.253358492713,3254620.887388679,3254439.769600369,0.0055649427253409
1.0,17541666.666666664,300.0,3766.774155807865,5141.663813022469,4955.946535623592,5153.299865996218,6.767061719138132,9.997543379916449,10.0296091954023,10.023863068465769,2028.8894755367307,2166.253358492713,3230481.6607783167,3230301.949707443,0.0055629806866161
1.0,18787500.0,300.0,3776.9525280512753,5141.663813022469,4955.946535623592,5153.299865996218,6.789576982151656,9.997543379916449,10.0296091954023,10.023863068465769,2029.9514062604696,2166.253358492713,3207966.3977647927,3207787.9981961343,0.0055611420612954
1.0,20033333.33333333,300.0,3786.482193666001,5141.663813022469,4955.946535623592,5153.299865996218,6.810673740280186,9.997543379916449,10.0296091954023,10.023863068465769,2030.945251395441,2166.253358492713,3186869.639636263,3186692.468439132,0.0055594114967009
1.0,21279166.666666664,300.0,3795.44070298811,5141.663813022469,4955.946535623592,5153.299865996218,6.830520656975164,9.997543379916449,10.0296091954023,10.023863068465769,2031.8791701661585,2166.253358492713,3167022.722941285,3166846.706900937,0.0055577763643254
1.0,22525000.0,300.0,3803.8924623058174,5141.663813022469,4955.946535623592,5153.299865996218,6.8492579046269135,9.997543379916449,10.0296091954023,10.023863068465769,2032.7599369099603,2166.253358492713,3148285.4752895352,3148110.549428786,0.0055562261466458
1.0,23770833.33333333,300.0,3811.891550914425,5141.663813022469,4955.946535623592,5153.299865996218,6.867003257359288,9.997543379916449,10.0296091954023,10.023863068465769,2033.5932383132665,2166.253358492713,3130540.122557161,3130366.2288173083,0.0055547519931015
1.0,25016666.666666664,300.0,3819.4838178014807,5141.663813022469,4955.946535623592,5153.299865996218,6.883856628159867,9.997543379916449,10.0296091954023,10.023863068465769,2034.38389428324,2166.253358492713,3113686.751756582,3113513.8379460787,0.0055533463796785
1.0,26262500.0,300.0,3826.708474301647,5141.663813022469,4955.946535623592,5153.299865996218,6.899903514200333,9.997543379916449,10.0296091954023,10.023863068465769,2035.1360259497835,2166.253358492713,3097639.865716116,3097467.884662238,0.0055520028580812
1.0,27508333.33333333,300.0,3833.599317147041,5141.663813022469,4955.946535623592,5153.299865996218,6.915217646864383,9.997543379916449,10.0296091954023,10.023863068465769,2035.8531844846848,2166.253358492713,3082325.733052066,3082154.6419087937,0.0055507158584092
1.0,28754166.666666664,300.0,3840.185682067546,5141.663813022469,4955.946535623592,5153.299865996218,6.9298630664316585,9.997543379916449,10.0296091954023,10.023863068465769,2036.5384516180336,2166.253358492713,3067680.3134847903,3067510.0731629683,0.0055494805333418
1.0,30000000.0,300.0,3846.493198298,5141.663813022469,4955.946535623592,5153.299865996218,6.943895738306615,9.997543379916449,10.0296091954023,10.023863068465769,2037.1945191820716,2166.253358492713,3053647.6416098336,3053478.21630226,0.0055482926472954
1.0,10132.5,300.0,2781.62859385849,5141.663813022469,4955.946535623592,5153.299865996218,4.665857862920804,9.997543379916449,10.0296091954023,10.023863068465767,1925.0915799405286,2166.253358492713,5331685.516995645,5331380.80980882,0.0057150254990521844
1.0,136366.5625,300.0,3089.572865399682,5141.663813022468,4955.946535623592,5153.299865996218,5.306957498488096,9.997543379916449,10.0296091954023,10.023863068465767,1957.5581305626827,2166.253358492713,4690585.881428353,4690319.867929405,0.0056712211581328225
1.0,262600.625,300.0,3173.8975096212957,5141.663813022468,4955.946535623592,5153.299865996218,5.4849195299726645,9.997543379916449,10.0296091954023,10.023863068465767,1966.4771110842994,2166.253358492713,4512623.849943784,4512368.488747899,0.005658818558250233
1.0,388834.6875,300.0,3225.6460543742005,5141.663813022469,4955.946535623592,5153.299865996218,5.594652072886591,9.997543379916449,10.0296091954023,10.023863068465767,1971.9506414941195,2166.253358492713,4402891.307029858,4402642.495609266,0.005651091595089247
1.0,515068.75,300.0,3263.263018666652,5141.663813022469,4955.946535623592,5153.299865996218,5.674669471802511,9.997543379916449,10.0296091954023,10.023863068465767,1975.9285641392705,2166.253358492713,4322873.908113938,4322629.863944224,0.005645414946193031
1.0,641302.8125,300.0,3292.9023872301605,5141.663813022469,4955.946535623592,5153.299865996218,5.73786708311028,9.997543379916449,10.0296091954023,10.023863068465767,1979.0619885671179,2166.253358492713,4259676.296806169,4259436.012516601,0.0056409049144859275
1.0,767536.875,300.0,3317.3963773707824,5141.663813022469,4955.946535623592,5153.299865996218,5.790193939343892,9.997543379916449,10.0296091954023,10.023863068465767,1981.6506902015067,2166.253358492713,4207349.440572557,4207112.265885181,0.0056371521007765385
1.0,893770.9375,300.0,3338.2886735951124,5141.663813022469,4955.946535623592,5153.299865996218,5.8348985843723025,9.997543379916449,10.0296091954023,10.023863068465767,1983.8580951707813,2166.253358492713,4162644.7955441466,4162410.274960354,0.005633932158795518
1.0,1020005.0,300.0,3356.515383883536,5141.663813022469,4955.946535623592,5153.299865996218,5.873954010176909,9.997543379916449,10.0296091954023,10.023863068465767,1985.7833187063713,2166.253358492713,4123589.3697395395,4123357.1659515444,0.005631108414893006
1.0,1146239.0625,300.0,3372.687805599893,5141.663813022469,4955.946535623592,5153.299865996218,5.908650315386712,9.997543379916449,10.0296091954023,10.023863068465767,1987.4910889959754,2166.253358492713,4088893.064529737,4088662.9174522134,0.00562859125664385
1.0,1272473.125,300.0,3387.227533638891,5141.663813022469,4955.946535623592,5153.299865996218,5.939878277688149,9.997543379916449,10.0296091954023,10.023863068465767,1989.0260484460796,2166.253358492713,4057665.1022282997,4057436.8050595345,0.005626318658970791
1.0,1398707.1875,300.0,3400.437810673237,5141.663813022468,4955.946535623592,5153.299865996218,5.968279257804542,9.997543379916449,10.0296091954023,10.023863068465767,1990.4203070716746,2166.253358492713,4029264.1221119068,4029037.506391233,0.005624245862421922
1.0,1524941.25,300.0,3412.544156800123,5141.663813022469,4955.946535623592,5153.299865996218,5.994330687520952,9.997543379916449,10.0296091954023,10.023863068465767,1991.6977446469239,2166.253358492713,4003212.692395497,4002987.618187771,0.005622339481324228
1.0,1651175.3125,300.0,3423.7189109395017,5141.663813022469,4955.946535623592,5153.299865996218,6.018397713650153,9.997543379916449,10.0296091954023,10.023863068465767,1992.8766090340878,2166.253358492713,3979145.6662662956,3978922.015442257,0.005620573932108223
1.0,1777409.375,300.0,3434.0967792275933,5141.663813022469,4955.946535623592,5153.299865996218,6.04076597232813,9.997543379916449,10.0296091954023,10.023863068465767,1993.9711628843959,2166.253358492713,3956777.4075883185,3956555.0790684773,0.005618929167327133
1.0,1903643.4375,300.0,3443.7850774931735,5141.663813022469,4955.946535623592,5153.299865996218,6.061663184443766,9.997543379916449,10.0296091954023,10.023863068465767,1994.992768218782,2166.253358492713,3935880.1954726824,3935659.101764545,0.005617389177440741
1.0,2029877.5,300.0,3452.870705550204,5141.663813022469,4955.946535623592,5153.299865996218,6.08127387224268,9.997543379916449,10.0296091954023,10.023863068465767,1995.9506250545976,2166.253358492713,3916269.507673769,3916049.5722899716,0.005615940970512965
1.0,2156111.5625,300.0,3461.4250309609465,5141.663813022469,4955.946535623592,5153.299865996218,6.099749672255462,9.997543379916449,10.0296091954023,10.023863068465767,1996.8522885625628,2166.253358492713,3897793.7076609866,3897574.8631546237,0.005614573853223351
1.0,2282345.625,300.0,3469.5073919745028,5141.663813022469,4955.946535623592,5153.299865996218,6.117216737246677,9.997543379916449,10.0296091954023,10.023863068465767,1997.7040401002093,2166.253358492713,3880326.642669772,3880108.8291124133,0.005613278917379927
1.0,2408579.6875,300.0,3477.167664609444,5141.663813022469,4955.946535623592,5153.299865996218,6.133781162506862,9.997543379916449,10.0296091954023,10.023863068465767,1998.511159077709,2166.253358492713,3863762.2174095865,3863545.381193769,0.005612048661802609
1.0,2534813.75,300.0,3484.448177881671,5141.663813022469,4955.946535623592,5153.299865996218,6.149533035997279,9.997543379916449,10.0296091954023,10.023863068465767,1999.2781256741869,2166.253358492713,3848010.34391917,3847794.4368031127,0.005610876706673595
1.0,2661047.8125,300.0,3491.385167878191,5141.663813022469,4955.946535623592,5153.299865996218,6.1645495161751915,9.997543379916449,10.0296091954023,10.023863068465767,2000.0087751194912,2166.253358492713,3832993.863741257,3832778.842077192,0.005609757586604467
1.0,2787281.875,300.0,3498.0098952710937,5141.663813022469,4955.946535623592,5153.299865996218,6.178897209672586,9.997543379916449,10.0296091954023,10.023863068465767,2000.7064156064573,2166.253358492713,3818646.1702438626,3818431.994348948,0.005608686570219286
1.0,2913515.9375,300.0,3504.349521367833,5141.663813022469,4955.946535623592,5153.299865996218,6.192633995397933,9.997543379916449,10.0296091954023,10.023863068465767,2001.3739215647338,2166.253358492713,3804909.384518516,3804696.018153997,0.005607659551283798
1.0,3039750.0,300.0,3510.427793172188,5141.663813022469,4955.946535623592,5153.299865996218,6.205810514155152,9.997543379916449,10.0296091954023,10.023863068465767,2002.013805649733,2166.253358492713,3791732.865761297,3791520.2757013803,0.005606672923510539
